team,week,points_for,points_against,win,opponent
 Duuvall Jags,1,0.0,0.0,0,Fields Of Dreams
 Duuvall Jags,2,0.0,0.0,0,Fields Of Dreams
 Duuvall Jags,3,0.0,0.0,0,Fields Of Dreams
 Duuvall Jags,4,0.0,0.0,0,Fields Of Dreams
 Duuvall Jags,5,0.0,0.0,0,Fields Of Dreams
 Duuvall Jags,6,0.0,0.0,0,Fields Of Dreams
 Duuvall Jags,7,0.0,0.0,0,Fields Of Dreams
 Duuvall Jags,8,0.0,0.0,0,Fields Of Dreams
 Duuvall Jags,9,0.0,0.0,0,Fields Of Dreams
 Duuvall Jags,10,0.0,0.0,0,Fields Of Dreams
 Duuvall Jags,11,0.0,0.0,0,Fields Of Dreams
 Duuvall Jags,12,0.0,0.0,0,Fields Of Dreams
 Duuvall Jags,13,0.0,0.0,0,Fields Of Dreams
 Duuvall Jags,14,0.0,0.0,0,Fields Of Dreams
 Duuvall Jags,15,0.0,0.0,0,Fields Of Dreams
Fields Of Dreams,1,0.0,0.0,0, Duuvall Jags
Fields Of Dreams,2,0.0,0.0,0, Duuvall Jags
Fields Of Dreams,3,0.0,0.0,0, Duuvall Jags
Fields Of Dreams,4,0.0,0.0,0, Duuvall Jags
Fields Of Dreams,5,0.0,0.0,0, Duuvall Jags
Fields Of Dreams,6,0.0,0.0,0, Duuvall Jags
Fields Of Dreams,7,0.0,0.0,0, Duuvall Jags
Fields Of Dreams,8,0.0,0.0,0, Duuvall Jags
Fields Of Dreams,9,0.0,0.0,0, Duuvall Jags
Fields Of Dreams,10,0.0,0.0,0, Duuvall Jags
Fields Of Dreams,11,0.0,0.0,0, Duuvall Jags
Fields Of Dreams,12,0.0,0.0,0, Duuvall Jags
Fields Of Dreams,13,0.0,0.0,0, Duuvall Jags
Fields Of Dreams,14,0.0,0.0,0, Duuvall Jags
Fields Of Dreams,15,0.0,0.0,0, Duuvall Jags
Koreatown  Chopsticks,1,0.0,0.0,0,Mr Mahomo 
Koreatown  Chopsticks,2,0.0,0.0,0,Mr Mahomo 
Koreatown  Chopsticks,3,0.0,0.0,0,Mr Mahomo 
Koreatown  Chopsticks,4,0.0,0.0,0,Mr Mahomo 
Koreatown  Chopsticks,5,0.0,0.0,0,Mr Mahomo 
Koreatown  Chopsticks,6,0.0,0.0,0,Mr Mahomo 
Koreatown  Chopsticks,7,0.0,0.0,0,Mr Mahomo 
Koreatown  Chopsticks,8,0.0,0.0,0,Mr Mahomo 
Koreatown  Chopsticks,9,0.0,0.0,0,Mr Mahomo 
Koreatown  Chopsticks,10,0.0,0.0,0,Mr Mahomo 
Koreatown  Chopsticks,11,0.0,0.0,0,Mr Mahomo 
Koreatown  Chopsticks,12,0.0,0.0,0,Mr Mahomo 
Koreatown  Chopsticks,13,0.0,0.0,0,Mr Mahomo 
Koreatown  Chopsticks,14,0.0,0.0,0,Mr Mahomo 
Koreatown  Chopsticks,15,0.0,0.0,0,Mr Mahomo 
Last-a-Minutemen,1,0.0,0.0,0,My Ball Zach Ertz
Last-a-Minutemen,2,0.0,0.0,0,My Ball Zach Ertz
Last-a-Minutemen,3,0.0,0.0,0,My Ball Zach Ertz
Last-a-Minutemen,4,0.0,0.0,0,My Ball Zach Ertz
Last-a-Minutemen,5,0.0,0.0,0,My Ball Zach Ertz
Last-a-Minutemen,6,0.0,0.0,0,My Ball Zach Ertz
Last-a-Minutemen,7,0.0,0.0,0,My Ball Zach Ertz
Last-a-Minutemen,8,0.0,0.0,0,My Ball Zach Ertz
Last-a-Minutemen,9,0.0,0.0,0,My Ball Zach Ertz
Last-a-Minutemen,10,0.0,0.0,0,My Ball Zach Ertz
Last-a-Minutemen,11,0.0,0.0,0,My Ball Zach Ertz
Last-a-Minutemen,12,0.0,0.0,0,My Ball Zach Ertz
Last-a-Minutemen,13,0.0,0.0,0,My Ball Zach Ertz
Last-a-Minutemen,14,0.0,0.0,0,My Ball Zach Ertz
Last-a-Minutemen,15,0.0,0.0,0,My Ball Zach Ertz
Mr Mahomo ,1,0.0,0.0,0,Koreatown  Chopsticks
Mr Mahomo ,2,0.0,0.0,0,Koreatown  Chopsticks
Mr Mahomo ,3,0.0,0.0,0,Koreatown  Chopsticks
Mr Mahomo ,4,0.0,0.0,0,Koreatown  Chopsticks
Mr Mahomo ,5,0.0,0.0,0,Koreatown  Chopsticks
Mr Mahomo ,6,0.0,0.0,0,Koreatown  Chopsticks
Mr Mahomo ,7,0.0,0.0,0,Koreatown  Chopsticks
Mr Mahomo ,8,0.0,0.0,0,Koreatown  Chopsticks
Mr Mahomo ,9,0.0,0.0,0,Koreatown  Chopsticks
Mr Mahomo ,10,0.0,0.0,0,Koreatown  Chopsticks
Mr Mahomo ,11,0.0,0.0,0,Koreatown  Chopsticks
Mr Mahomo ,12,0.0,0.0,0,Koreatown  Chopsticks
Mr Mahomo ,13,0.0,0.0,0,Koreatown  Chopsticks
Mr Mahomo ,14,0.0,0.0,0,Koreatown  Chopsticks
Mr Mahomo ,15,0.0,0.0,0,Koreatown  Chopsticks
My Ball Zach Ertz,1,0.0,0.0,0,Last-a-Minutemen
My Ball Zach Ertz,2,0.0,0.0,0,Last-a-Minutemen
My Ball Zach Ertz,3,0.0,0.0,0,Last-a-Minutemen
My Ball Zach Ertz,4,0.0,0.0,0,Last-a-Minutemen
My Ball Zach Ertz,5,0.0,0.0,0,Last-a-Minutemen
My Ball Zach Ertz,6,0.0,0.0,0,Last-a-Minutemen
My Ball Zach Ertz,7,0.0,0.0,0,Last-a-Minutemen
My Ball Zach Ertz,8,0.0,0.0,0,Last-a-Minutemen
My Ball Zach Ertz,9,0.0,0.0,0,Last-a-Minutemen
My Ball Zach Ertz,10,0.0,0.0,0,Last-a-Minutemen
My Ball Zach Ertz,11,0.0,0.0,0,Last-a-Minutemen
My Ball Zach Ertz,12,0.0,0.0,0,Last-a-Minutemen
My Ball Zach Ertz,13,0.0,0.0,0,Last-a-Minutemen
My Ball Zach Ertz,14,0.0,0.0,0,Last-a-Minutemen
My Ball Zach Ertz,15,0.0,0.0,0,Last-a-Minutemen
Renfrow v Wade,1,0.0,0.0,0,The Godfather
Renfrow v Wade,2,0.0,0.0,0,The Godfather
Renfrow v Wade,3,0.0,0.0,0,The Godfather
Renfrow v Wade,4,0.0,0.0,0,The Godfather
Renfrow v Wade,5,0.0,0.0,0,The Godfather
Renfrow v Wade,6,0.0,0.0,0,The Godfather
Renfrow v Wade,7,0.0,0.0,0,The Godfather
Renfrow v Wade,8,0.0,0.0,0,The Godfather
Renfrow v Wade,9,0.0,0.0,0,The Godfather
Renfrow v Wade,10,0.0,0.0,0,The Godfather
Renfrow v Wade,11,0.0,0.0,0,The Godfather
Renfrow v Wade,12,0.0,0.0,0,The Godfather
Renfrow v Wade,13,0.0,0.0,0,The Godfather
Renfrow v Wade,14,0.0,0.0,0,The Godfather
Renfrow v Wade,15,0.0,0.0,0,The Godfather
The Godfather,1,0.0,0.0,0,Renfrow v Wade
The Godfather,2,0.0,0.0,0,Renfrow v Wade
The Godfather,3,0.0,0.0,0,Renfrow v Wade
The Godfather,4,0.0,0.0,0,Renfrow v Wade
The Godfather,5,0.0,0.0,0,Renfrow v Wade
The Godfather,6,0.0,0.0,0,Renfrow v Wade
The Godfather,7,0.0,0.0,0,Renfrow v Wade
The Godfather,8,0.0,0.0,0,Renfrow v Wade
The Godfather,9,0.0,0.0,0,Renfrow v Wade
The Godfather,10,0.0,0.0,0,Renfrow v Wade
The Godfather,11,0.0,0.0,0,Renfrow v Wade
The Godfather,12,0.0,0.0,0,Renfrow v Wade
The Godfather,13,0.0,0.0,0,Renfrow v Wade
The Godfather,14,0.0,0.0,0,Renfrow v Wade
The Godfather,15,0.0,0.0,0,Renfrow v Wade
